taux_reussite,temps_moyen,nb_erreurs_consecutives,persistance,cluster
0.8897371322408986,16.788936801741418,0,0.7978758510641804,2
0.8389388559063052,17.80392263184117,0,0.9153676074129773,2
0.9018150830480554,20.415256215876383,0,0.9854787787710833,2
0.971842388512642,20.269010260174515,1,0.93070781233968,2
0.8312677300221331,8.111653160214544,2,0.9557311785213669,2
0.8312690434440655,10.310874800424386,0,0.9029382099227368,2
0.9763370252405913,17.5751763360433,1,1.0,2
0.9113947783322327,17.568929754561044,0,0.9135667381032806,2
0.8124420491252038,17.575238431530238,0,0.8827639854076758,2
0.8934048034868771,34.26365745327361,0,0.9909213930055244,1
0.812926584575003,17.854452553465833,1,0.8075872062108432,2
0.8127416197143794,20.677828200902994,0,0.9600826674813876,2
0.8693569817252828,19.770008817466014,0,0.836601210061829,2
0.6969375804273761,18.25695625652899,0,1.0,2
0.7120065733989573,13.423653776798272,0,0.8991178197402564,2
0.8050169976607222,18.794846102466337,0,0.9307987776655752,2
0.768973510373246,11.13587392731214,0,0.9530056317315299,2
0.8751397866076219,13.815906966299956,0,0.7656252322948675,2
0.7773580739583031,12.573182260854482,0,0.8679532126754514,2
0.7370157038931766,15.409370696931612,0,1.0,2
0.9672519015137243,26.573292833367542,1,0.9894212019336711,2
0.8319378959610771,5.663674037041259,0,0.9426425764316173,2
0.8554022563750339,18.43130095187257,1,0.8120429142859582,2
0.7360201451029235,6.936420644051742,0,0.9668402768686863,2
0.8064493820379853,12.640340671052833,0,0.9770719672164357,2
0.8588738071767893,20.444752984836832,0,0.9237613770498997,2
0.7579205138062157,15.321400095477314,0,1.0,2
0.8800558414676537,9.611276110353469,0,0.8653254567895902,2
0.8019489048064956,11.423481453700159,0,0.879211393800002,2
0.8266645000165378,18.39798874467338,0,0.7212310736731349,2
0.8018634710216482,11.348166841414317,0,0.9935862008118131,2
0.998182254760715,16.082292947909874,0,0.9451089570776108,2
0.8489202220209653,15.227859199519068,0,0.7854543739893417,2
0.765383125683528,11.741998261970915,0,0.7793120800004683,2
0.9158035929682551,25.719720446626628,0,0.8501895498103191,2
0.7523325080023182,18.169595111590056,1,0.9834926353584283,2
0.8667090876003805,5.0,0,0.8959711609529097,2
0.693226390089618,15.932271573847139,0,0.8556170466671741,2
0.7437451160881255,11.69106767615806,0,0.8395107285533203,2
0.8657488988695299,19.26216667398112,0,0.8359270433737451,2
0.9090773263996328,11.037396307836497,2,0.7653057359113953,2
0.8637094624951976,14.426317792665506,1,0.8234083334682901,2
0.8407481374089407,17.524936394902287,0,0.8343537536258266,2
0.8259117043528569,19.328775970850607,0,0.9746098589165717,2
0.7317182407706058,8.998517964721119,1,0.9067421557482709,2
0.7924124633284233,13.327493820795258,0,0.8539532125586031,2
0.813148898323217,12.62527344419522,0,1.0,2
0.9345697780975133,11.73335383713144,0,0.8668882469162668,2
0.8774894631654769,23.827271201405484,0,1.0,2
0.7089567875709812,17.024908554804778,0,1.0,2
0.8759267175515836,8.695580228324774,0,0.7944031729874126,2
0.8191934175666946,19.58930973527388,0,0.9259170371258855,2
0.7958462399755233,25.610780985063165,0,0.8785973079273421,2
0.8989341031072694,20.162326302755734,0,0.8720860482752532,2
0.9324799617996761,7.403150170229933,0,0.9644301453445527,2
0.9245024095292959,12.578829635668743,0,0.8701703602861374,2
0.7828625981421888,21.334555745933113,1,0.8803224762938824,2
0.8252630099319028,11.461652671906096,0,0.9065508083499766,2
0.8765010745122851,17.219097140731144,0,0.8901280585298745,2
0.9280436101697888,18.873170267146683,0,0.82611438343903,2
0.2924990914585652,46.46139056843834,0,0.3693859757271211,1
0.32772092280034193,63.809492878764,1,0.4072796407761401,0
0.2172398031192766,5.0,1,0.3015427884302826,2
0.20645520511031948,44.51224717331421,1,0.19351710234666014,1
0.44750309868730376,59.948636972136796,2,0.14421838955053284,1
0.5127488034284987,40.044336360703014,1,0.14445699056103306,1
0.3413587854103599,97.6482260786327,2,0.6036064547549063,0
0.4704239477470429,36.397172440787344,2,0.3906757452349966,1
0.3933963230057161,56.19911026606032,3,0.12398348821249927,1
0.27258562944738507,67.61481154572182,2,0.2747046741155711,0
0.39336747266100963,93.82546578132231,4,0.19561974623509565,0
0.5345643879759163,36.282756976411214,4,0.3375700564234436,1
0.3457008753068058,88.26327504309918,1,0.33152486541840126,0
0.5377572386976808,65.20466122039174,2,0.4125414480858206,0
0.03563058750923065,45.36982697904098,1,0.12241653120067067,1
0.44862830052502684,74.24206948526542,2,0.26571029479571956,0
0.36044564818858055,68.9811939114694,3,0.0,0
0.31411911794409586,52.99566245682411,2,0.06139895493567332,1
0.36101129318426023,66.39604169980038,4,0.3826151254838769,0
0.11149173024789286,57.2937280627648,3,0.10739743128920096,1
0.32363937345949856,67.27034690502497,3,0.12386368029282174,0
0.39285350858140955,78.24261349042094,1,0.2487582888174926,0
0.5273472853689819,96.72033632290704,1,0.3542141546269809,0
0.28780757380716226,40.24369002346302,1,0.09087598062488558,1
0.25298076765281746,107.66066749312533,2,0.0,0
0.2897891547698556,25.958244009549965,3,0.11946651367847325,2
0.4598482541242489,61.964298099288335,5,0.4308442116929256,0
0.3894501331591621,76.76634412969153,4,0.30147025765253105,0
0.2864287755479553,70.61983735470065,2,0.448581220568082,0
0.4115920919736027,52.546009603588125,2,0.08022757868009564,1
0.3616493059217648,60.83755499285449,2,0.004090559850391556,0
0.46623739886394666,55.139981306823344,2,0.3193822828971311,1
0.2657536287347177,53.21270486111577,1,0.2860034106527569,1
0.3106805424082678,81.99204194042049,1,0.2958331480565888,0
0.30294702162414106,72.14030971930094,2,0.3899494963975852,0
0.17437820622414577,51.14180809478692,5,0.313252738586839,1
0.3855344332477491,82.99199750866501,5,0.3108426389710568,0
0.3813266326615867,71.14599041753219,3,0.3572510520701711,0
0.3506136147970953,81.2572423767792,3,0.3253624948280541,0
0.32184954399498233,77.59257683847224,2,0.3786168897576109,0
0.18015551095395027,48.420099781558555,3,0.4012781237167873,1
0.2995225612681569,53.79637919606061,4,0.47975332018613726,1
0.30887425801678764,79.94587210246523,2,0.15262130126444812,0
0.2537267276934057,77.2074053086693,4,0.3220843161116121,0
0.33064571460007885,64.58196812071704,3,0.19445149471040551,0
0.3984861028177446,67.34654766617564,3,0.12496615190810997,0
0.5763423081452637,90.5532979157685,5,0.1465689518379451,0
0.3709493375398206,53.168572223283405,2,0.3242433276342288,1
0.3809060468867317,75.94194762340075,0,0.3127378832179001,0
0.3410664901080599,60.95614695132212,5,0.3100618043857655,0
0.119747454164115,60.646375935455595,2,0.21614295286460003,0
0.34681833494609393,86.9755370397438,2,0.25051221267676155,0
0.35722762519292317,81.5083269797606,5,0.3726629043814075,0
0.6455890534982343,81.27019272001277,2,0.026591041052604097,0
0.3269166842262653,91.10957614308658,4,0.2536963147642876,0
0.3861856810800335,65.42007683265518,3,0.26349342221901845,0
0.3458345876353708,78.63905942589928,5,0.3629956403616474,0
0.20975863548565613,58.79466486813088,5,0.047462738208576244,1
0.48713873774180244,71.48332704976885,3,0.4742700618276118,0
0.44023196392241287,62.397138912646305,5,0.2820445636642765,0
0.44492383364516563,66.93991929985437,2,0.28998708200424045,0
0.24087350542463132,76.90314050873828,4,0.18979303640016604,0
0.5183353173123318,48.63558633533055,3,0.3307033532195266,1
0.18177787246492627,106.84774551370921,2,0.2571931075424658,0
0.4204228512560324,44.87965237000596,4,0.43134729161596985,1
0.6128546750971974,40.71622774424536,1,0.03377586279045772,1
0.23113564098431738,88.16221747000135,3,0.2763318744835762,0
0.28204427244766733,80.83325387925872,1,0.31127685225661395,0
0.36195816381051693,77.4823963410431,3,0.22204414084553625,0
0.2895829215060561,77.5669101852856,3,0.18930012650394307,0
0.16392038827206407,64.7550645430617,1,0.19555640815469388,0
0.35822755697672326,47.05491257028337,2,0.2761958904051742,1
0.2225235543528674,66.51609116387452,4,0.0,0
0.4068310916762218,51.456765769757766,2,0.39475224415948446,1
0.2396690918919436,84.50239466835502,4,0.1779802198456224,0
0.5359921286021048,62.05885236995723,1,0.2691704046050174,0
0.2560096049196515,48.49005606414977,3,0.30506534001821006,1
0.3113526180553189,58.57228316694013,1,0.17112919190305648,1
0.44762206608436034,73.25862908551248,1,0.2303442389501506,0
0.20229628202792535,53.7255089439205,2,0.0,1
0.6341189901906193,30.133355253202822,1,0.7464247214666144,2
0.7960714131423642,42.924246537902945,0,0.8160138000644329,1
0.35887751481581587,42.93959885330467,0,0.25980128961224924,1
0.6276950787798456,33.916681895546446,3,0.5187014246607475,1
0.6389824191372635,34.347540332580124,1,0.35402612435183706,1
0.7172734307665966,42.784599248291634,1,0.5644519357025188,1
0.4144573933682877,22.62298790203211,0,0.7297272669441922,2
0.40193150803735855,23.11043470748134,0,0.797461779851325,2
0.6782912348425346,31.378669344970767,0,0.8243706378853697,2
0.6445477009849779,37.438634179457836,0,0.8621087649384426,1
0.6375739275518815,43.73089078717606,0,0.5555174443088868,1
0.6519672314245464,57.70427460339462,1,0.3706082742533121,1
0.49799629176322635,50.29191547842423,2,0.5770819399384062,1
0.6348380545741505,38.080737640438876,0,0.7266535004607152,1
0.6439608709948021,39.771805505167734,1,0.3545480438158285,1
0.4928472872960448,27.969647624346294,0,0.9320273906896483,2
0.8798661766717135,39.77784236809132,1,0.7795777077520684,1
0.6710749381367681,36.53609633295834,1,0.5586865663137341,1
0.4213044754196027,43.872622724057074,2,0.4578256139177518,1
0.6984830412950744,30.073228677372125,0,0.4661757837774714,2
0.4537977494659018,46.23215817089407,4,0.614841242760031,1
0.7180626905613677,58.39286695603093,0,0.5541194794539295,1
0.7737893368511106,38.69487821851771,0,0.790100551056525,1
0.4768976522472434,44.820540665187295,2,0.5314048343394742,1
0.7445064193866482,48.281727900533355,0,0.7011003621222982,1
0.6619171390404748,35.185354337369965,3,0.594215023165026,1
0.7233090239991735,42.689109781725,0,0.6539338714794142,1
0.8845189473980921,40.15110880938154,0,0.5539887128807235,1
0.5631917825995694,41.17211318258598,1,0.7415431082499241,1
0.48693957534637655,30.723882593734402,1,0.7445080160580154,2
0.46657283555617146,40.29412209110731,3,0.6919858051644289,1
0.4776284572551842,45.9759794949454,0,0.7215028654299008,1
0.5884347435878844,57.4137232935405,0,0.41112624449138946,1
0.6511727962224966,51.51124991302248,4,0.6646491525817959,1
0.6415036198995029,65.83818949013867,0,0.8498403534975068,0
0.7240774873554036,30.791829245343408,2,0.6982809134038994,2
0.601950283781686,50.46784764064814,1,0.39385649943969536,1
0.8180301115735975,42.20010406886022,0,0.5900466980701831,1
0.5603014750143066,66.27763519861207,1,0.6749955876679418,0
1.0,30.300420575738183,1,0.44852009662033815,2
0.693850102164751,29.923337893830688,1,0.32834576065532944,2
0.4714263665375576,32.80728825467173,1,0.5367804263126946,1
0.43936612529083313,14.513251308282317,1,0.45183351840645947,2
0.6723708622864778,33.69093973983087,3,0.5971421937220062,1
0.5664805822011223,30.890408061355625,0,0.2817190705007423,2
0.7071000741138138,41.804725437714495,0,0.7129402125072312,1
0.6709856436860318,44.101071709325915,0,0.4730789929413286,1
0.5890756631014691,62.514050070590635,1,0.7991504473362712,0
0.47298094228973925,51.405086058232605,2,0.5446202320407243,1
0.3727729162971203,33.077156132051165,1,0.5949221907231026,1
0.5330227571899468,29.219023943819707,0,0.5653930242606164,2
0.7284598191485208,45.903030058078066,2,0.46236806197994545,1
0.6321140616195305,24.157201515752295,1,1.0,2
0.41313918319320175,61.977505190252245,3,0.500826764398543,0
0.6259771388776773,54.15328144865545,1,0.804704304493132,1
0.6577976069593255,34.36989217474354,0,0.38127421078732093,1
0.46742138456983007,19.442385650909472,1,0.6744262782186322,2
0.6230587658918292,56.246468489984956,2,0.6957744327863671,1
0.6087313077669,38.62552185696858,4,0.595164604580374,1
0.4285544553254065,54.853795743681545,2,0.48579905607208534,1
